[
  {
    "line": 1,
    "elements": [
      {
        "line": 13,
        "name": "Login with invalid credentials",
        "description": "",
        "id": "cafetownsend;login-with-invalid-credentials;;2",
        "type": "scenario",
        "keyword": "Scenario Outline",
        "steps": [
          {
            "result": {
              "duration": 6424881528,
              "status": "passed"
            },
            "line": 7,
            "name": "User is on Home Page",
            "match": {
              "location": "TestSteps.user_is_on_Home_Page()"
            },
            "keyword": "Given "
          },
          {
            "result": {
              "duration": 5369324330,
              "status": "passed"
            },
            "line": 8,
            "name": "User enters \"wrong\" and \"Skywalker\" to LogIn",
            "match": {
              "arguments": [
                {
                  "val": "wrong",
                  "offset": 13
                },
                {
                  "val": "Skywalker",
                  "offset": 25
                }
              ],
              "location": "TestSteps.user_enters_credentials(String,String)"
            },
            "matchedColumns": [
              0,
              1
            ],
            "keyword": "When "
          },
          {
            "result": {
              "duration": 610236601,
              "status": "passed"
            },
            "line": 9,
            "name": "User not logged in",
            "match": {
              "location": "TestSteps.user_not_loggedin()"
            },
            "keyword": "Then "
          },
          {
            "result": {
              "duration": 53889784,
              "status": "passed"
            },
            "line": 10,
            "name": "Close Browser",
            "match": {
              "location": "TestSteps.close_browser()"
            },
            "keyword": "And "
          }
        ],
        "tags": [
          {
            "line": 5,
            "name": "@tag1"
          }
        ]
      },
      {
        "line": 14,
        "name": "Login with invalid credentials",
        "description": "",
        "id": "cafetownsend;login-with-invalid-credentials;;3",
        "type": "scenario",
        "keyword": "Scenario Outline",
        "steps": [
          {
            "result": {
              "duration": 4070941114,
              "status": "passed"
            },
            "line": 7,
            "name": "User is on Home Page",
            "match": {
              "location": "TestSteps.user_is_on_Home_Page()"
            },
            "keyword": "Given "
          },
          {
            "result": {
              "duration": 5411356745,
              "status": "passed"
            },
            "line": 8,
            "name": "User enters \"Luke\" and \"wrong\" to LogIn",
            "match": {
              "arguments": [
                {
                  "val": "Luke",
                  "offset": 13
                },
                {
                  "val": "wrong",
                  "offset": 24
                }
              ],
              "location": "TestSteps.user_enters_credentials(String,String)"
            },
            "matchedColumns": [
              0,
              1
            ],
            "keyword": "When "
          },
          {
            "result": {
              "duration": 623858665,
              "status": "passed"
            },
            "line": 9,
            "name": "User not logged in",
            "match": {
              "location": "TestSteps.user_not_loggedin()"
            },
            "keyword": "Then "
          },
          {
            "result": {
              "duration": 41641588,
              "status": "passed"
            },
            "line": 10,
            "name": "Close Browser",
            "match": {
              "location": "TestSteps.close_browser()"
            },
            "keyword": "And "
          }
        ],
        "tags": [
          {
            "line": 5,
            "name": "@tag1"
          }
        ]
      },
      {
        "comments": [
          {
            "line": 15,
            "value": "#    | testuser1 | \t\t\t |"
          },
          {
            "line": 16,
            "value": "#    |\t\t\t | Puppy@1      |"
          }
        ],
        "line": 19,
        "name": "Successful Login with Valid Credentials",
        "description": "",
        "id": "cafetownsend;successful-login-with-valid-credentials",
        "type": "scenario",
        "keyword": "Scenario",
        "steps": [
          {
            "result": {
              "duration": 3745118642,
              "status": "passed"
            },
            "line": 20,
            "name": "User is on Home Page",
            "match": {
              "location": "TestSteps.user_is_on_Home_Page()"
            },
            "keyword": "Given "
          },
          {
            "result": {
              "duration": 339311985,
              "status": "passed"
            },
            "line": 21,
            "name": "User enters Credentials to LogIn",
            "match": {
              "location": "TestSteps.user_enters_testuser_and_Test(DataTable)"
            },
            "rows": [
              {
                "cells": [
                  "Luke",
                  "Skywalker"
                ],
                "line": 22
              }
            ],
            "keyword": "When "
          },
          {
            "result": {
              "duration": 67260398,
              "status": "passed"
            },
            "line": 23,
            "name": "User Logged in Successfully",
            "match": {
              "location": "TestSteps.User_logged_in()"
            },
            "keyword": "Then "
          }
        ],
        "tags": [
          {
            "line": 18,
            "name": "@tag2"
          }
        ]
      },
      {
        "line": 26,
        "name": "Click to view and Update User details",
        "description": "",
        "id": "cafetownsend;click-to-view-and-update-user-details",
        "type": "scenario",
        "keyword": "Scenario",
        "steps": [
          {
            "result": {
              "duration": 47426059,
              "status": "passed"
            },
            "line": 27,
            "name": "User Logged in Successfully",
            "match": {
              "location": "TestSteps.User_logged_in()"
            },
            "keyword": "Given "
          },
          {
            "result": {
              "duration": 1570279496,
              "status": "passed"
            },
            "line": 28,
            "name": "User clicks on any user",
            "match": {
              "location": "TestSteps.User_clicks_on_any_user()"
            },
            "keyword": "When "
          },
          {
            "result": {
              "duration": 163102952,
              "status": "passed"
            },
            "line": 29,
            "name": "User is able to update user details",
            "match": {
              "location": "TestSteps.User_Updates_details()"
            },
            "keyword": "And "
          },
          {
            "result": {
              "duration": 647671250,
              "status": "passed"
            },
            "line": 30,
            "name": "Clicks on Update button",
            "match": {
              "location": "TestSteps.user_clicks_Update()"
            },
            "keyword": "Then "
          }
        ],
        "tags": [
          {
            "line": 25,
            "name": "@tag3"
          }
        ]
      },
      {
        "line": 34,
        "name": "Click on Create and Add user",
        "description": "",
        "id": "cafetownsend;click-on-create-and-add-user",
        "type": "scenario",
        "keyword": "Scenario",
        "steps": [
          {
            "result": {
              "duration": 50130561,
              "status": "passed"
            },
            "line": 35,
            "name": "User Logged in Successfully",
            "match": {
              "location": "TestSteps.User_logged_in()"
            },
            "keyword": "Given "
          },
          {
            "result": {
              "duration": 128906423,
              "status": "passed"
            },
            "line": 36,
            "name": "User clicks on Create button",
            "match": {
              "location": "TestSteps.User_Clicks_create()"
            },
            "keyword": "When "
          },
          {
            "result": {
              "duration": 592822888,
              "status": "passed"
            },
            "line": 37,
            "name": "adds user details and clicks Add",
            "match": {
              "location": "TestSteps.user_details()"
            },
            "keyword": "And "
          },
          {
            "result": {
              "duration": 23733509,
              "status": "passed"
            },
            "line": 38,
            "name": "The user is added to User list",
            "match": {
              "location": "TestSteps.user_added()"
            },
            "keyword": "Then "
          }
        ],
        "tags": [
          {
            "line": 33,
            "name": "@tag4"
          }
        ]
      }
    ],
    "name": "CafeTownSend",
    "description": "",
    "id": "cafetownsend",
    "keyword": "Feature",
    "uri": "CafeTownSend.feature"
  }
]